/works/1177354055472957005,/works/1177354055285283187,/works/1177354055478155857,/works/1177354055478083246,/works/1177354055476231134,/works/1177354055477873060,/works/1177354055477501832,/works/1177354055388178553,/works/1177354055444445828,/works/1177354055477521821,/works/1177354055476832528,/works/1177354055473443542,/works/1177354055476333103,/works/1177354055476513365,/works/1177354055248634983,/works/1177354055350836209,/works/1177354055476235974,/works/1177354055468495466,/works/1177354055475737537,/works/1177354055475072920
/works/1177354055475692639,/works/1177354055475010440,/works/1177354055474473269,/works/1177354055474626861,/works/1177354055325383418,/works/1177354055422579579,/works/1177354055471327783,/works/1177354055474246726,/works/1177354055474147521,/works/1177354054918556868,/works/1177354055473861865,/works/1177354055473397795,/works/1177354055471283045,/works/1177354055473400037,/works/1177354055473217154,/works/1177354055456066842,/works/1177354055472943860,/works/1177354055223258696,/works/1177354055472094362,/works/1177354055472141281
/works/1177354055471326141,/works/1177354055471884898,/works/1177354055471331935,/works/1177354055471755728,/works/1177354055471374788,/works/1177354055470625269,/works/1177354055470882595,/works/1177354055470346210,/works/1177354055470502775,/works/1177354055462517836,/works/1177354055470182359,/works/1177354055466090188,/works/1177354055363972539,/works/1177354055468643487,/works/1177354055465310349,/works/1177354055468325691,/works/1177354054889677507,/works/1177354055462657821,/works/1177354055285598775,/works/1177354055459385780
/works/1177354055467444437,/works/1177354055466351736,/works/1177354055466312376,/works/1177354055448369959,/works/1177354055026902496,/works/1177354054943609370,/works/1177354055463081102,/works/1177354054918663348,/works/1177354055437091533,/works/1177354055463918428,/works/1177354055464725112,/works/1177354055464313090,/works/1177354055463980551,/works/1177354055463791994,/works/1177354055462738626,/works/1177354055463696567,/works/1177354055463678503,/works/1177354054894327999,/works/1177354055456210815,/works/1177354055199549691
/works/1177354055388924889,/works/1177354055462947571,/works/1177354055459966907,/works/1177354055453777800,/works/1177354055462085992,/works/1177354055461804147,/works/1177354055425662460,/works/1177354055461311804,/works/1177354055461603659,/works/1177354055419991233,/works/1177354055459395090,/works/1177354055216716675,/works/1177354055459932788,/works/1177354055460389353,/works/1177354055459993235,/works/1177354055450091436,/works/1177354055307923000,/works/1177354055457274875,/works/1177354055456636533,/works/1177354054922026165
/works/1177354055458225019,/works/1177354055319107620,/works/1177354055457678097,/works/1177354055452501858,/works/1177354055457751473,/works/1177354055190173354,/works/1177354055446291706,/works/1177354055443701286,/works/1177354055089479112,/works/1177354055450064211,/works/1177354055455761564,/works/1177354055455731353,/works/1177354055105750281,/works/1177354055446785132,/works/1177354055396714480,/works/1177354055450797339,/works/1177354055452656626,/works/1177354055454030503,/works/1177354055186503685,/works/1177354055256289688
/works/1177354055435392232,/works/1177354055448058654,/works/1177354055388389849,/works/1177354055449630998,/works/1177354055439607745,/works/1177354055451009988,/works/1177354055451093916,/works/1177354055240591354,/works/1177354055450273032,/works/1177354055443328582,/works/1177354055443303156,/works/1177354055450416915,/works/1177354055435897835,/works/1177354055450035754,/works/1177354055448652356,/works/1177354055399254909,/works/1177354055426553988,/works/1177354055449787865,/works/1177354055349611877,/works/1177354055449793356
/works/1177354055449718557,/works/1177354055449077321,/works/1177354055433329318,/works/1177354055399160879,/works/1177354055425223179,/works/1177354055448705853,/works/1177354055166537047,/works/1177354055448601699,/works/1177354055431048472,/works/1177354055448491348,/works/1177354054894914892,/works/1177354055448420494,/works/1177354055448266510,/works/1177354054934774028,/works/1177354055447914198,/works/1177354055446538438,/works/1177354054934196459,/works/1177354055435522295,/works/1177354055447169381,/works/1177354055435315694
/works/1177354055443162586,/works/1177354055446521930,/works/1177354055446459196,/works/1177354055446437088,/works/1177354055440165324,/works/1177354055445589399,/works/1177354055282982914,/works/1177354055444984021,/works/1177354055444894812,/works/1177354055444694906,/works/1177354055444891023,/works/1177354055444478540,/works/1177354054917686631,/works/1177354055433109381,/works/1177354055443849176,/works/1177354055443674513,/works/1177354054935354962,/works/1177354055443539345,/works/1177354055443269058,/works/1177354054927173202
/works/1177354055409413443,/works/1177354055441583478,/works/1177354055441649129,/works/1177354055224327500,/works/1177354055438635142,/works/1177354055439268151,/works/1177354055438684506,/works/1177354055422460989,/works/1177354055409101792,/works/1177354055438685720,/works/1177354055438906602,/works/1177354055438686321,/works/1177354055437473815,/works/1177354055438823207,/works/1177354055438781273,/works/1177354055411381465,/works/1177354055423596647,/works/1177354055437301223,/works/1177354055436685821,/works/1177354055438348832
/works/1177354055438354375,/works/1177354055434017712,/works/1177354055438271651,/works/1177354054921008276,/works/1177354055437884274,/works/1177354055437925270,/works/1177354055433448181,/works/1177354055103663570,/works/1177354055435945393,/works/1177354055437492624,/works/1177354055408098721,/works/1177354055435882972,/works/1177354055433719054,/works/1177354055436845809,/works/1177354055434334628,/works/1177354055435219963,/works/1177354055436582339,/works/1177354055423573188,/works/1177354055417703646,/works/1177354055411061584
/works/1177354055432605997,/works/1177354055431597310,/works/1177354055431976759,/works/1177354055422886885,/works/1177354055434779902,/works/1177354055433987874,/works/1177354054918856355,/works/1177354055434493914,/works/1177354055426494945,/works/1177354055433930995,/works/1177354055433706672,/works/1177354055433444674,/works/1177354055433136888,/works/1177354055427355746,/works/1177354055432399917,/works/1177354055429111927,/works/1177354055431844342,/works/1177354055426633334,/works/1177354055043449297,/works/1177354055411917034
/works/1177354055430413641,/works/1177354055413312715,/works/1177354055357264291,/works/1177354055427960730,/works/1177354055429674530,/works/1177354055429578919,/works/1177354055429351092,/works/1177354055230211762,/works/1177354055366830919,/works/1177354055412588923,/works/1177354055396812030,/works/1177354055428911275,/works/1177354055363602868,/works/1177354055427661374,/works/1177354055427644836,/works/1177354055427314498,/works/1177354055390273926,/works/1177354055426431388,/works/1177354055426815993,/works/1177354055426604957
/works/1177354055424992013,/works/1177354055378601936,/works/1177354055425858713,/works/1177354055412485160,/works/1177354055425464338,/works/1177354055424650877,/works/1177354055407733876,/works/1177354055417269457,/works/1177354055424140351,/works/1177354055424480060,/works/1177354054894543769,/works/1177354055424075933,/works/1177354055421592009,/works/1177354055373128861,/works/1177354055423688172,/works/1177354055398765992,/works/1177354055387987138,/works/1177354055422093211,/works/1177354055421497155,/works/1177354055401221975
/works/1177354055416677032,/works/1177354055271176367,/works/1177354055405385076,/works/1177354055416330778,/works/1177354055394919839,/works/1177354055422112306,/works/1177354055421748245,/works/1177354055421316712,/works/1177354055420810600,/works/1177354055417406849,/works/1177354055376093341,/works/1177354055411075949,/works/1177354055401771231,/works/1177354054921052337,/works/1177354055409407433,/works/1177354055335250881,/works/1177354054894815277,/works/1177354055411568071,/works/1177354055184613180,/works/1177354055398569316
/works/1177354055418243238,/works/1177354055417633593,/works/1177354055417686390,/works/1177354055124628209,/works/1177354055357712015,/works/1177354055416285142,/works/1177354055413567144,/works/1177354055415440488,/works/1177354055408045342,/works/1177354055394423952,/works/1177354055414800842,/works/1177354055414152979,/works/1177354055413294451,/works/1177354055412462023,/works/1177354055410549778,/works/1177354054976285179,/works/1177354055395674681,/works/1177354054935437289,/works/1177354055411807717,/works/1177354055411283459
/works/1177354055411626607,/works/1177354055411517509,/works/1177354055408653263,/works/1177354055410803856,/works/1177354055411255957,/works/1177354055410951892,/works/1177354055410898863,/works/1177354055410737256,/works/1177354054900669070,/works/1177354055026441577,/works/1177354055197588204,/works/1177354055370747728,/works/1177354055410298709,/works/1177354055407624521,/works/1177354055376518150,/works/1177354055409463799,/works/1177354055409392476,/works/1177354055375107022,/works/1177354055258603047,/works/1177354055378754089
/works/1177354055407279166,/works/1177354055408420052,/works/1177354055401733482,/works/1177354055308460519,/works/1177354055409133225,/works/1177354055407298024,/works/1177354055408875591,/works/1177354055408749855,/works/1177354055008683516,/works/1177354055408752106,/works/1177354055245441586,/works/1177354055082052833,/works/1177354055199904660,/works/1177354055317889189,/works/1177354055338557306,/works/1177354055407008584,/works/1177354055408214829,/works/1177354055408006949,/works/1177354055407743168,/works/1177354055407774661
/works/1177354055407074435,/works/1177354055407079413,/works/1177354055406689398,/works/1177354055208826201,/works/1177354055406499020,/works/1177354055406408162,/works/1177354055403883517,/works/1177354055405680527,/works/1177354055405577210,/works/1177354055405576003,/works/1177354055401919418,/works/1177354054934872945,/works/1177354055404790304,/works/1177354055399301311,/works/1177354055404386395,/works/1177354054918986390,/works/1177354055404978723,/works/1177354055405005376,/works/1177354055404276632,/works/1177354055404717446
/works/1177354055404631180,/works/1177354055404563990,/works/1177354055352784467,/works/1177354055396541411,/works/1177354055401322665,/works/1177354055403609038,/works/1177354055403267601,/works/1177354055399120950,/works/1177354055402820150,/works/1177354055400309710,/works/1177354055400253685,/works/1177354055396016036,/works/1177354054922488818,/works/1177354055401202446,/works/1177354055266589888,/works/1177354055401093987,/works/1177354055383658257,/works/1177354055390697457,/works/1177354055386485553,/works/1177354055400479236
/works/1177354055392893749,/works/1177354055400383333,/works/1177354055399177995,/works/1177354055390195755,/works/1177354055400194242,/works/1177354055357440581,/works/1177354055399110069,/works/1177354055365126275,/works/1177354055234034956,/works/1177354055399147914,/works/1177354054922355672,/works/1177354055345445240,/works/1177354055395532886,/works/1177354055396569741,/works/1177354055398447281,/works/1177354055389130262,/works/1177354055388845289,/works/1177354055396769887,/works/1177354055397514094,/works/1177354054935601210
/works/1177354055397277105,/works/1177354054935106858,/works/1177354055396399574,/works/1177354055382342730,/works/1177354054903295221,/works/1177354055374985234,/works/1177354055396397207,/works/1177354055392920952,/works/1177354055212225911,/works/1177354055389136908,/works/1177354055324127520,/works/1177354054935056465,/works/1177354055396012875,/works/1177354055394898284,/works/1177354055395716191,/works/1177354055395513119,/works/1177354055395388175,/works/1177354055355923744,/works/1177354054921602897,/works/1177354055390078107
/works/1177354055395011689,/works/1177354055394564090,/works/1177354055388758234,/works/1177354055392958042,/works/1177354055394318650,/works/1177354055392020071,/works/1177354055260599256,/works/1177354055393803298,/works/1177354055389981928,/works/1177354055393591032,/works/1177354055385008346,/works/1177354055393356581,/works/1177354055392607281,/works/1177354055392335198,/works/1177354055392662404,/works/1177354055392325875,/works/1177354055378892340,/works/1177354055381652875,/works/1177354055107237166,/works/1177354055387938873
/works/1177354055242961834,/works/1177354054942308784,/works/1177354055215528682,/works/1177354055223060278,/works/1177354055390908105,/works/1177354055287767893,/works/1177354055386682767,/works/1177354055334433419,/works/1177354055390557869,/works/1177354055389723757,/works/1177354055388680961,/works/1177354055389586454,/works/1177354055389409817,/works/1177354055388950428,/works/1177354055328051799,/works/1177354055384802179,/works/1177354055369367746,/works/1177354055385652757,/works/1177354055226549179,/works/1177354055211461900
/works/1177354055387376645,/works/1177354055381085564,/works/1177354055387588693,/works/1177354055387742658,/works/1177354055387579212,/works/1177354054954474636,/works/1177354055172218581,/works/1177354055383966537,/works/1177354055317014701,/works/1177354055378080114,/works/1177354055386723266,/works/1177354055372053914,/works/1177354055383099939,/works/1177354055330254905,/works/1177354055385472533,/works/1177354055385842630,/works/1177354055341813930,/works/1177354054922300460,/works/1177354055384756568,/works/1177354055384925630
/works/1177354055384540728,/works/1177354055361716578,/works/1177354055232123980,/works/1177354055384516814,/works/1177354055384835180,/works/1177354055374503173,/works/1177354055375139329,/works/1177354055280904829,/works/1177354055384407499,/works/1177354055096961926,/works/1177354055381064237,/works/1177354055383973141,/works/1177354055363867039,/works/1177354055383945854,/works/1177354055261141297,/works/1177354055375583668,/works/1177354055376152317,/works/1177354055382822898,/works/1177354054934973403,/works/1177354055382630976
/works/1177354055382709019,/works/1177354055379138610,/works/1177354055092911947,/works/1177354055184944095,/works/1177354055381413536,/works/1177354055381190404,/works/1177354055381289656,/works/1177354055373871041,/works/1177354055380519351,/works/1177354055379044117,/works/1177354055039749070,/works/1177354055375430867,/works/1177354055367817532,/works/1177354055312130927,/works/1177354055148463573,/works/1177354054935527758,/works/1177354054954446824,/works/1177354055318150870,/works/1177354055326841145,/works/1177354055378652410
/works/1177354055368282496,/works/1177354055325639746,/works/1177354055262462062,/works/1177354055377991014,/works/1177354055378535416,/works/1177354055378915669,/works/1177354055377914700,/works/1177354055378169427,/works/1177354055378015403,/works/1177354055375901191,/works/1177354055377928237,/works/1177354055377475311,/works/1177354055158496135,/works/1177354055371300012,/works/1177354055376483731,/works/1177354055377584528,/works/1177354055216922610,/works/1177354055365434598,/works/1177354055375323108,/works/1177354055294519702
/works/1177354055333519019,/works/1177354055376795554,/works/1177354055376627137,/works/1177354055370097594,/works/1177354055376300478,/works/1177354055376256288,/works/1177354055368295859,/works/1177354055375548030,/works/1177354055367762141,/works/1177354055251441134,/works/1177354055374849556,/works/1177354055374623622,/works/1177354055249908642,/works/1177354055374798958,/works/1177354055364683231,/works/1177354055374695040,/works/1177354055351813808,/works/1177354054889297478,/works/1177354055354614443,/works/1177354055374001021
/works/1177354055372912436,/works/1177354055361778642,/works/1177354054934126957,/works/1177354055365872893,/works/1177354055371563263,/works/1177354055315045778,/works/1177354055372835690,/works/1177354055371539302,/works/1177354055371788551,/works/1177354055365019905,/works/1177354055327301384,/works/1177354055355984134,/works/1177354055369904932,/works/1177354055362168219,/works/1177354055368249274,/works/1177354055366489433,/works/1177354055314404791,/works/1177354055363649696,/works/1177354054917770818,/works/1177354055364447537
/works/1177354055366906711,/works/1177354055366381706,/works/1177354055366520545,/works/1177354055365937170,/works/1177354054934827377,/works/1177354055365987772,/works/1177354055359527880,/works/1177354055365357663,/works/1177354055352968414,/works/1177354055365415649,/works/1177354055365376875,/works/1177354055259811723,/works/1177354055364171076,/works/1177354055361680144,/works/1177354055310339243,/works/1177354055298350869,/works/1177354055362253507,/works/1177354055364283198,/works/1177354055362261178,/works/1177354055363974205
/works/1177354055363830333,/works/1177354054934836930,/works/1177354055363303335,/works/1177354055362750986,/works/1177354055282231838,/works/1177354055355031302,/works/1177354055355065720,/works/1177354055342679916,/works/1177354055362738955,/works/1177354055362558529,/works/1177354055361972592,/works/1177354055335594841,/works/1177354055356247926,/works/1177354055360840241,/works/1177354054895127247,/works/1177354055360781624,/works/1177354055310451234,/works/1177354054905050199,/works/1177354055360567736,/works/1177354055348780950
/works/1177354055360414281,/works/1177354055360749932,/works/1177354055360087769,/works/1177354055360198491,/works/1177354055359410800,/works/1177354055063811641,/works/1177354055359082100,/works/1177354054935477895,/works/1177354055354639570,/works/1177354055088547542,/works/1177354055353558992,/works/1177354055356745866,/works/1177354055356667782,/works/1177354055349090112,/works/1177354055355609908,/works/1177354055354995272,/works/1177354055354714835,/works/1177354055354651099,/works/1177354055354403958,/works/1177354055351683546
/works/1177354055351675877,/works/1177354055310492000,/works/1177354055325529904,/works/1177354055345291219,/works/1177354054895311129,/works/1177354055350274598,/works/1177354055350411009,/works/1177354055346524392,/works/1177354055350077572,/works/1177354055254255944,/works/1177354055349743213,/works/1177354055267348968,/works/1177354055347912055,/works/1177354055348666324,/works/1177354055347681169,/works/1177354055347610921,/works/1177354055346340256,/works/1177354055345629659,/works/1177354055345324072,/works/1177354055345483913
/works/1177354055345223961,/works/1177354055297910477,/works/1177354055340270242,/works/1177354054897694228,/works/1177354055071490442,/works/1177354054977840344,/works/1177354054922462086,/works/1177354055342980951,/works/1177354054934771413,/works/1177354055339416953,/works/1177354055311339263,/works/1177354055342958673,/works/1177354055303321892,/works/1177354055342147280,/works/1177354055332284993,/works/1177354055254550941,/works/1177354055231701633,/works/1177354055340461589,/works/1177354055339254210,/works/1177354055339141077
/works/1177354055339606571,/works/1177354055136967111,/works/1177354055336824574,/works/1177354055338434718,/works/1177354055333081254,/works/1177354055302984669,/works/1177354055333864497,/works/1177354054998901268,/works/1177354054916626558,/works/1177354055336810908,/works/1177354055336116335,/works/1177354054894811033,/works/1177354055335055081,/works/1177354055203299129,/works/1177354055335124883,/works/1177354055334851014,/works/1177354055334914162,/works/1177354055334452848,/works/1177354055334092480,/works/1177354055322811827
/works/1177354054907519253,/works/1177354055332134714,/works/1177354055324281777,/works/1177354055333280096,/works/1177354055332970798,/works/1177354055332986492,/works/1177354055319351215,/works/1177354055332249932,/works/1177354055318897765,/works/1177354055332084109,/works/1177354055282502216,/works/1177354055331290220,/works/1177354055331516885,/works/1177354055325172106,/works/1177354055330958664,/works/1177354055330948101,/works/1177354055330124252,/works/1177354055330096884,/works/1177354055016055280,/works/1177354055328273743
/works/1177354055305023631,/works/1177354055318662084,/works/1177354055322583836,/works/1177354055261201248,/works/1177354055326015171,/works/1177354054934191952,/works/1177354055158925717,/works/1177354054921196089,/works/1177354055321096865,/works/1177354055233465733,/works/1177354054893984192,/works/1177354055312459851,/works/1177354055324799584,/works/1177354055324489792,/works/1177354055324298791,/works/1177354055323980929,/works/1177354055322894979,/works/1177354055278547978,/works/1177354055213838343,/works/1177354055311119303
/works/1177354055323218312,/works/1177354054934513076,/works/1177354055048359372,/works/1177354055321280441,/works/1177354055322343963,/works/1177354054917500792,/works/1177354055321113003,/works/1177354055217556034,/works/1177354054934768420,/works/1177354055321926763,/works/1177354055312450115,/works/1177354055320737776,/works/1177354055320630503,/works/1177354055319889746,/works/1177354055290000345,/works/1177354055310796471,/works/1177354055286889594,/works/1177354055315889856,/works/1177354054935589231,/works/1177354054901517393
/works/1177354055318584501,/works/1177354055317490545,/works/1177354054935292427,/works/1177354055316858932,/works/1177354055316731424,/works/1177354054897773557,/works/1177354055304837825,/works/1177354055098223048,/works/1177354054905348822,/works/1177354055314198857,/works/1177354055151436608,/works/1177354055313555440,/works/1177354055312874937,/works/1177354055314332286,/works/1177354055314029208,/works/1177354055313893538,/works/1177354055313912270,/works/1177354055302289271,/works/1177354055300836454,/works/1177354055225469710
/works/1177354055309520056,/works/1177354055312430039,/works/1177354055312282646,/works/1177354055311022350,/works/1177354055289312922,/works/1177354055245301198,/works/1177354055310732154,/works/1177354055292481508,/works/1177354055274126448,/works/1177354055310858603,/works/1177354055303802620,/works/1177354055311300508,/works/1177354055311062089,/works/1177354055309475972,/works/1177354055310479703,/works/1177354055310591417,/works/1177354054934702508,/works/1177354055303451811,/works/1177354055297350275,/works/1177354055265785775
/works/1177354055309585984,/works/1177354055296531996,/works/1177354055309078557,/works/1177354055270137384,/works/1177354055307802034,/works/1177354055307228567,/works/1177354055306088398,/works/1177354055305889978,/works/1177354055306216689,/works/1177354055305008272,/works/1177354054897353189,/works/1177354055303837748,/works/1177354055224212808,/works/1177354055303048900,/works/1177354055296780139,/works/1177354055303623319,/works/1177354055303642182,/works/1177354055300816521,/works/1177354055058479704,/works/1177354054919045182
/works/1177354055303316617,/works/1177354055238524977,/works/1177354055302324901,/works/1177354054954487784,/works/1177354055066142073,/works/1177354055301827063,/works/1177354055299527032,/works/1177354055301594371,/works/1177354055294924342,/works/1177354054894475222,/works/1177354055301210232,/works/1177354055078932671,/works/1177354055300489105,/works/1177354055288828384,/works/1177354055083412973,/works/1177354054954423042,/works/1177354055249422305,/works/1177354055299055537,/works/1177354055299183609,/works/1177354055298815594
/works/1177354055298165090,/works/1177354055239195381,/works/1177354055107721015,/works/1177354055297561185,/works/1177354055297412022,/works/1177354054891767411,/works/1177354055287666694,/works/1177354055286775974,/works/1177354055296825778,/works/1177354055296111257,/works/1177354055292629032,/works/1177354055269110605,/works/1177354055295509971,/works/1177354055294558622,/works/1177354055276095892,/works/1177354055125841946,/works/1177354055289939718,/works/1177354055290533783,/works/1177354055292510949,/works/1177354054922440802
/works/1177354055287640087,/works/1177354055291554757,/works/1177354055291259472,/works/1177354055291190682,/works/1177354055290945109,/works/1177354055290850628,/works/1177354054935840581,/works/1177354055260141226,/works/1177354055052739959,/works/1177354055289417314,/works/1177354055277834634,/works/1177354055288807866,/works/1177354055281983064,/works/1177354055288683998,/works/1177354055288255044,/works/1177354055288157626,/works/1177354055284173433,/works/1177354055285867251,/works/1177354055254888079,/works/1177354055287898002
/works/1177354054933634553,/works/1177354055287422230,/works/1177354055287342918,/works/1177354055287164608,/works/1177354055286935704,/works/1177354055269679058,/works/1177354055193612217,/works/1177354055266760029,/works/1177354054917572152,/works/1177354055285231444,/works/1177354054922201523,/works/1177354054894365477,/works/1177354055283339999,/works/1177354055282841159,/works/1177354055282288311,/works/1177354055282900098,/works/1177354054919080987,/works/1177354054935148771,/works/1177354055272299709,/works/1177354055277207689
/works/1177354055282525681,/works/1177354055281341654,/works/1177354055234187844,/works/1177354055272518759,/works/1177354055281609180,/works/1177354055280807823,/works/1177354055276727534,/works/1177354055277234024,/works/1177354055280372937,/works/1177354055280314387,/works/1177354055276429290,/works/1177354055279662831,/works/1177354055045128787,/works/1177354055275939343,/works/1177354055264448577,/works/1177354055173326360,/works/1177354055277651552,/works/1177354055277180039,/works/1177354055277626225,/works/1177354055277273047
/works/1177354055275200887,/works/1177354055276600752,/works/1177354054965593887,/works/1177354055276076627,/works/1177354055231012047,/works/1177354055275498218,/works/1177354055275748984,/works/1177354055275460241,/works/1177354054921319014,/works/1177354055270107545,/works/1177354055272039980,/works/1177354055264930811,/works/1177354055274518006,/works/1177354055232216662,/works/1177354055264798324,/works/1177354054889477061,/works/1177354055272835450,/works/1177354055274127879,/works/1177354055274079240,/works/1177354055088145143
/works/1177354055273401565,/works/1177354055273140370,/works/1177354055099448279,/works/1177354055273107965,/works/1177354055271313052,/works/1177354055271871324,/works/1177354055271064931,/works/1177354055244689620,/works/1177354055271175233,/works/1177354055271003204,/works/1177354055270867122,/works/1177354055269878507,/works/1177354055269657928,/works/1177354055270153222,/works/1177354055269572961,/works/1177354055120975492,/works/1177354055268805945,/works/1177354055268733789,/works/1177354055267693629,/works/1177354054934990460
/works/1177354055263125700,/works/1177354055267596725,/works/1177354055265480535,/works/1177354055267023789,/works/1177354055266490452,/works/1177354055266389912,/works/1177354055266185162,/works/1177354054921874317,/works/1177354055265673748,/works/1177354055265301846,/works/1177354055265191640,/works/1177354055261811642,/works/1177354055265099097,/works/1177354055264918427,/works/1177354055234009361,/works/1177354055264530051,/works/1177354055207030924,/works/1177354054944861290,/works/1177354055264138180,/works/1177354055263991167
/works/1177354055171620260,/works/1177354055263931789,/works/1177354055263806221,/works/1177354055257950358,/works/1177354055255627028,/works/1177354055263072547,/works/1177354055234964477,/works/1177354055126742185,/works/1177354055261722100,/works/1177354055261988141,/works/1177354055261738473,/works/1177354055261494217,/works/1177354055199309966,/works/1177354054934259884,/works/1177354055261458981,/works/1177354054934714316,/works/1177354054935497977,/works/1177354055229896869,/works/1177354055259313940,/works/1177354055258603380
/works/1177354055259895167,/works/1177354055250602231,/works/1177354055255698049,/works/1177354055258886353,/works/1177354055258796930,/works/1177354055256096710,/works/1177354054935782049,/works/1177354055247189263,/works/1177354055256637610,/works/1177354055255902479,/works/1177354055256009082,/works/1177354055255755679,/works/1177354055240958207,/works/1177354055255040386,/works/1177354055213813274,/works/1177354055254005637,/works/1177354055253900094,/works/1177354054921686176,/works/1177354055252572637,/works/1177354054940821995
/works/1177354055251814997,/works/1177354055251201099,/works/1177354055249338591,/works/1177354055212120092,/works/1177354055250980461,/works/1177354055239109992,/works/1177354055250253408,/works/1177354055244420441,/works/1177354054948120311,/works/1177354055246856735,/works/1177354055250062013,/works/1177354055194588921,/works/1177354055248949708,/works/1177354055135766648,/works/1177354054922435946,/works/1177354055247593126,/works/1177354055248607861,/works/1177354055122821070,/works/1177354055233519311,/works/1177354055248293919
/works/1177354055107015842,/works/1177354054935795164,/works/1177354055248277434,/works/1177354055207738103,/works/1177354054918914787,/works/1177354055222963738,/works/1177354054954453281,/works/1177354055247550982,/works/1177354054920997683,/works/1177354055247230672,/works/1177354055148654290,/works/1177354055230498225,/works/1177354055245724993,/works/1177354055232255146,/works/1177354055245089505,/works/1177354055108600792,/works/1177354055244722950,/works/1177354055244621583,/works/1177354055244418412,/works/1177354055244111252
/works/1177354054901321103,/works/1177354055239487060,/works/1177354055237282659,/works/1177354055242993711,/works/1177354055192094038,/works/1177354055242206597,/works/1177354055242560246,/works/1177354055242434155,/works/1177354055206870230,/works/1177354055238341775,/works/1177354055235116548,/works/1177354055220750638,/works/1177354055240386668,/works/1177354055239553387,/works/1177354055238382119,/works/1177354055236860127,/works/1177354055228889867,/works/1177354055238085417,/works/1177354055223917886,/works/1177354055238023054
/works/1177354055236708650,/works/1177354055206995367,/works/1177354055237115496,/works/1177354054933963528,/works/1177354055216411177,/works/1177354055236709068,/works/1177354055236868573,/works/1177354055236704142,/works/1177354055235991089,/works/1177354055235706488,/works/1177354055232171445,/works/1177354055236302072,/works/1177354055236076058,/works/1177354055235587513,/works/1177354055235428251,/works/1177354055235565653,/works/1177354055233267191,/works/1177354055235497316,/works/1177354055216093197,/works/1177354055235256058
/works/1177354055205064480,/works/1177354055234841499,/works/1177354055230746548,/works/1177354055140697069,/works/1177354055233352339,/works/1177354055230737335,/works/1177354055229501983,/works/1177354055234122814,/works/1177354055233905553,/works/1177354054934365837,/works/1177354055233587413,/works/1177354055234078711,/works/1177354055181466775,/works/1177354055230978781,/works/1177354055233513556,/works/1177354054935357060,/works/1177354055232499985,/works/1177354055225813281,/works/1177354055221178356,/works/1177354054946063711
/works/1177354055230762887,/works/1177354054935669925,/works/1177354055230326835,/works/1177354055228981320,/works/1177354055230108651,/works/1177354055178617531,/works/1177354055229600059,/works/1177354055211157669,/works/1177354055228661292,/works/1177354055130280000,/works/1177354055064147621,/works/1177354055229187251,/works/1177354055185253228,/works/1177354055147885086,/works/1177354055227098095,/works/1177354055083153402,/works/1177354055226277279,/works/1177354054940910727,/works/1177354055225419259,/works/1177354055223637620
/works/1177354055225395689,/works/1177354055211582482,/works/1177354055223580994,/works/1177354054954057724,/works/1177354055200220107,/works/1177354055223841127,/works/1177354055197674271,/works/1177354055223330187,/works/1177354055223021787,/works/1177354055209042890,/works/1177354055222062788,/works/1177354055206346943,/works/1177354055215307735,/works/1177354055220865307,/works/1177354055222755098,/works/1177354055088416557,/works/1177354055222296208,/works/1177354054974660912,/works/1177354055221973318,/works/1177354055112123194
/works/1177354054917633801,/works/1177354055221400877,/works/1177354055219088016,/works/1177354055212349744,/works/1177354055084190189,/works/1177354055220565284,/works/1177354054968115711,/works/1177354055058005159,/works/1177354055221416224,/works/1177354055221147756,/works/1177354055051257989,/works/1177354055121919907,/works/1177354054918934334,/works/1177354054893448212,/works/1177354055142759588,/works/1177354054923906642,/works/1177354055220617286,/works/1177354055189630157,/works/1177354055220241605,/works/1177354055220113800
/works/1177354054934116077,/works/1177354055218949156,/works/1177354055215018899,/works/1177354055219764819,/works/1177354055219781462,/works/1177354055219741204,/works/1177354055214347594,/works/1177354055219117869,/works/1177354055219150853,/works/1177354055219002300,/works/1177354055218461961,/works/1177354055179377838,/works/1177354055218242209,/works/1177354055203874368,/works/1177354055217557024,/works/1177354055217136266,/works/1177354055217102215,/works/1177354055206746256,/works/1177354055132691042,/works/1177354054902164698
/works/1177354055176999334,/works/1177354055216327935,/works/1177354055215643610,/works/1177354055204196692,/works/1177354055144107736,/works/1177354055179770809,/works/1177354054922447858,/works/1177354055212824122,/works/1177354055214089535,/works/1177354055156736571,/works/1177354055211839533,/works/1177354055211838745,/works/1177354055211217587,/works/1177354055210335600,/works/1177354055210567136,/works/1177354055209415821,/works/1177354055210233564,/works/1177354055209895175,/works/1177354055209493005,/works/1177354054935409280
/works/1177354055205017745,/works/1177354055209456145,/works/1177354055210032117,/works/1177354055204903988,/works/1177354055209530587,/works/1177354054935448818,/works/1177354054934225200,/works/1177354055206881436,/works/1177354055207685570,/works/1177354055204124213,/works/1177354055207156525,/works/1177354055206935314,/works/1177354054898160003,/works/1177354055206709551,/works/1177354055206527630,/works/1177354055206439762,/works/1177354055206051883,/works/1177354055205469780,/works/1177354055205642101,/works/1177354055205372424
/works/1177354055204745225,/works/1177354055204326440,/works/1177354055204316046,/works/1177354055084000323,/works/1177354055203957774,/works/1177354055193531601,/works/1177354055202396783,/works/1177354055202544647,/works/1177354055143497008,/works/1177354055070065795,/works/1177354055201484930,/works/1177354055196848862,/works/1177354055196064996,/works/1177354055199492149,/works/1177354055201230305,/works/1177354055182320008,/works/1177354055155838464,/works/1177354054935812764,/works/1177354054935709914,/works/1177354054938795854
/works/1177354054935760258,/works/1177354055198766861,/works/1177354055197459392,/works/1177354055198569532,/works/1177354055037813473,/works/1177354055198417042,/works/1177354055198337722,/works/1177354055182831632,/works/1177354055097067176,/works/1177354054959489837,/works/1177354055197390617,/works/1177354055001932482,/works/1177354055196837275,/works/1177354055196894546,/works/1177354055196826516,/works/1177354055182254508,/works/1177354055190234847,/works/1177354055196048747,/works/1177354055195898176,/works/1177354055193932972
/works/1177354055172549768,/works/1177354055190435596,/works/1177354054919192998,/works/1177354055193480295,/works/1177354055193570925,/works/1177354055065323856,/works/1177354055116773255,/works/1177354055193010364,/works/1177354055192757016,/works/1177354055192665928,/works/1177354055191427647,/works/1177354055185692662,/works/1177354055174612138,/works/1177354055188858324,/works/1177354055189597107,/works/1177354055186774609,/works/1177354055188969403,/works/1177354055188915949,/works/1177354055188918293,/works/1177354055174784872
/works/1177354055033994650,/works/1177354054922772119,/works/1177354055143068661,/works/1177354055180513081,/works/1177354055138362378,/works/1177354055159841075,/works/1177354055143036835,/works/1177354054934978060,/works/1177354054897601092,/works/1177354055185038243,/works/1177354055185153824,/works/1177354054922702036,/works/1177354054964933924,/works/1177354054934722292,/works/1177354055005874788,/works/1177354055171035330,/works/1177354055126192716,/works/1177354055184133095,/works/1177354055179253559,/works/1177354055175189161
/works/1177354055178493306,/works/1177354054884470008,/works/1177354055154812335,/works/1177354055183620723,/works/1177354055183344936,/works/1177354055171802747,/works/1177354055182423241,/works/1177354055167154064,/works/1177354055158134160,/works/1177354055182669990,/works/1177354055182065567,/works/1177354055180975946,/works/1177354055181599529,/works/1177354055181129806,/works/1177354055181392902,/works/1177354055181423825,/works/1177354055180685586,/works/1177354055050563088,/works/1177354055176898461,/works/1177354054935439580
/works/1177354054896400805,/works/1177354055099244240,/works/1177354055143951416,/works/1177354055180754210,/works/1177354055169725138,/works/1177354055180157271,/works/1177354055179962994,/works/1177354055179107115,/works/1177354055178224542,/works/1177354055177100946,/works/1177354055177324521,/works/1177354055175064919,/works/1177354055174425019,/works/1177354054934381564,/works/1177354055143677120,/works/1177354055176492440,/works/1177354055170656979,/works/1177354055171661447,/works/1177354055157920667,/works/1177354055173905432
/works/1177354055174396241,/works/1177354055105333440,/works/1177354055142414863,/works/1177354055173714996,/works/1177354055173169031,/works/1177354055170392773,/works/1177354055116371312,/works/1177354055172262670,/works/1177354054922651978,/works/1177354054935264875,/works/1177354055172253368,/works/1177354054973380861,/works/1177354055144086517,/works/1177354055171179954,/works/1177354054934202090,/works/1177354055170265068,/works/1177354055130694770,/works/1177354054935175118,/works/1177354055160141973,/works/1177354055165854812
/works/1177354055169810870,/works/1177354055145287222,/works/1177354055169358618,/works/1177354054896820815,/works/1177354055098332221,/works/1177354055090507322,/works/1177354055156824167,/works/1177354055167758423,/works/1177354055014685953,/works/1177354055154258354,/works/1177354055165668270,/works/1177354055157913490,/works/1177354055168191897,/works/1177354054893953796,/works/1177354055128042517,/works/1177354054935642462,/works/1177354055167713227,/works/1177354055109912579,/works/1177354054921481400,/works/1177354055111542904
/works/1177354055119344407,/works/1177354055167186000,/works/1177354055091913278,/works/1177354054917685533,/works/1177354055165507266,/works/1177354054922412400,/works/1177354055165247525,/works/1177354055164828368,/works/1177354055163640639,/works/1177354055164124570,/works/1177354055151549133,/works/1177354055153531162,/works/1177354055159173770,/works/1177354055156526227,/works/1177354055161917544,/works/1177354055161061863,/works/1177354055160896073,/works/1177354055155560375,/works/1177354055161576864,/works/1177354055144554537
/works/1177354055161185986,/works/1177354055153562704,/works/1177354055159878611,/works/1177354055159240805,/works/1177354055147699764,/works/1177354055142042955,/works/1177354055158859242,/works/1177354055158383206,/works/1177354055157423378,/works/1177354055157421120,/works/1177354055155929335,/works/1177354055157146044,/works/1177354055155040975,/works/1177354055154648591,/works/1177354055156761077,/works/1177354055157146290,/works/1177354055157009370,/works/1177354055156831693,/works/1177354055132070858,/works/1177354055156738175
/works/1177354055156507077,/works/1177354055156456914,/works/1177354054922234800,/works/1177354054898610236,/works/1177354055113859157,/works/1177354055151896616,/works/1177354055154868099,/works/1177354055154787689,/works/1177354055154720983,/works/1177354055153491182,/works/1177354055154463211,/works/1177354055067632169,/works/1177354055152861509,/works/1177354055152977948,/works/1177354055099109477,/works/1177354055136762296,/works/1177354055141984153,/works/1177354055149558301,/works/1177354055140154137,/works/1177354055138452820
/works/1177354055149752933,/works/1177354055149886263,/works/1177354055150162396,/works/1177354055149828236,/works/1177354055144035793,/works/1177354054995254185,/works/1177354055135276321,/works/1177354055149479118,/works/1177354055147094729,/works/1177354055149131273,/works/1177354055132329398,/works/1177354055144296834,/works/1177354055147942124,/works/1177354055137154255,/works/1177354055148401978,/works/1177354054935667652,/works/1177354054891857062,/works/1177354055147906880,/works/1177354055147668620,/works/1177354055126590899
/works/1177354055147553278,/works/1177354054940841691,/works/1177354055146719794,/works/1177354055014355128,/works/1177354055129845596,/works/1177354054908292110,/works/1177354055145436117,/works/1177354055145242597,/works/1177354054934532044,/works/1177354054893528679,/works/1177354055142949102,/works/1177354054892642143,/works/1177354055142821301,/works/1177354055142417765,/works/1177354055142197761,/works/1177354055135295801,/works/1177354055141182511,/works/1177354054895113304,/works/1177354055141933058,/works/1177354055133660774
/works/1177354055073665419,/works/1177354055138446903,/works/1177354054954486657,/works/1177354054898507982,/works/1177354055141372984,/works/1177354055134240984,/works/1177354055128894080,/works/1177354055141054164,/works/1177354055140819951,/works/1177354054934360032,/works/1177354055138987471,/works/1177354055139938458,/works/1177354055139916745,/works/1177354055132438394,/works/1177354055137837286,/works/1177354055137768285,/works/1177354055130816131,/works/1177354055138836025,/works/1177354055130865612,/works/1177354055135845872
/works/1177354055134549989,/works/1177354055138021950,/works/1177354055129547985,/works/1177354055114327436,/works/1177354055137037690,/works/1177354055136785629,/works/1177354055125552096,/works/1177354055134904041,/works/1177354055091338470,/works/1177354055096731045,/works/1177354055135853146,/works/1177354055099326703,/works/1177354055131317325,/works/1177354055038339235,/works/1177354055119945970,/works/1177354055130499942,/works/1177354055064482325,/works/1177354055090247523,/works/1177354055134293698,/works/1177354054963269573
/works/1177354055130319851,/works/1177354054887689503,/works/1177354054935290693,/works/1177354054935637136,/works/1177354055133232001,/works/1177354055129353584,/works/1177354055132783372,/works/1177354054998785218,/works/1177354055108255166,/works/1177354054921135115,/works/1177354054918601608,/works/1177354055108325135,/works/1177354055125519950,/works/1177354055130261978,/works/1177354055117760146,/works/1177354055131028590,/works/1177354055129031226,/works/1177354055130143026,/works/1177354055046040369,/works/1177354055129943234
/works/1177354055042622485,/works/1177354055012394615,/works/1177354055100620288,/works/1177354055129467589,/works/1177354055129379617,/works/1177354055075633121,/works/1177354055129056467,/works/1177354055129153391,/works/1177354055088200519,/works/1177354054935888490,/works/1177354055128754760,/works/1177354055080109635,/works/1177354055127900522,/works/1177354055127954465,/works/1177354055127792907,/works/1177354055127817634,/works/1177354055127769578,/works/1177354055122761162,/works/1177354055127466873,/works/1177354055127336340
/works/1177354054935177208,/works/1177354055076337279,/works/1177354055110068858,/works/1177354055120728547,/works/1177354055056896461,/works/1177354055126677920,/works/1177354054954399753,/works/1177354054921274816,/works/1177354055126717176,/works/1177354055123585852,/works/1177354055071786106,/works/1177354055126310653,/works/1177354055125843337,/works/1177354055108603850,/works/1177354055126155433,/works/1177354055092874635,/works/1177354054921092416,/works/1177354054895154623,/works/1177354055125266805,/works/1177354055117727842
/works/1177354055116815119,/works/1177354055125559308,/works/1177354055125333031,/works/1177354055117190414,/works/1177354055009390676,/works/1177354055080046009,/works/1177354055112281675,/works/1177354054921320888,/works/1177354055123298575,/works/1177354055111760906,/works/1177354055104840019,/works/1177354054922742006,/works/1177354055124763018,/works/1177354055124212821,/works/1177354055078903296,/works/1177354055124095555,/works/1177354054934859513,/works/1177354055123554995,/works/1177354055068060087,/works/1177354055111498377
/works/1177354055122299200,/works/1177354055122094997,/works/1177354055122002754,/works/1177354055113368818,/works/1177354055120223284,/works/1177354055035930355,/works/1177354055121612581,/works/1177354055116431527,/works/1177354054895152442,/works/1177354055063031317,/works/1177354055121212790,/works/1177354055111520520,/works/1177354055120749178,/works/1177354055120005638,/works/1177354055106340928,/works/1177354055119921286,/works/1177354054922349368,/works/1177354055047898477,/works/1177354054894982175,/works/1177354054987068112
/works/1177354055115027711,/works/1177354054881695527,/works/1177354054935397235,/works/1177354055104331584,/works/1177354055116762928,/works/1177354055116443515,/works/1177354055115310458,/works/1177354055116265733,/works/1177354055079365462,/works/1177354055115998016,/works/1177354055095782718,/works/1177354055072227886,/works/1177354055102567004,/works/1177354055115473390,/works/1177354055090741732,/works/1177354055115015856,/works/1177354055114430897,/works/1177354055111519082,/works/1177354054922110391,/works/1177354055114372675
/works/1177354054935739579,/works/1177354054922131682,/works/1177354054897139734,/works/1177354055113971822,/works/1177354055113680679,/works/1177354055103013563,/works/1177354055113031854,/works/1177354055109740200,/works/1177354055041446673,/works/1177354055112740752,/works/1177354055109386092,/works/1177354055079224509,/works/1177354055102852831,/works/1177354055111969965,/works/1177354055111299830,/works/1177354055111795975,/works/1177354055071470698,/works/1177354055111320459,/works/1177354055111197128,/works/1177354055083408023
/works/1177354055111157192,/works/1177354054917425921,/works/1177354055065800918,/works/1177354055110209444,/works/1177354055107603820,/works/1177354055100496720,/works/1177354055048824572,/works/1177354055108796191,/works/1177354055080462319,/works/1177354055108229547,/works/1177354055108645720,/works/1177354054934956763,/works/1177354055102256654,/works/1177354055108781621,/works/1177354055085790019,/works/1177354055083963071,/works/1177354055108401029,/works/1177354055103406921,/works/1177354055103086441,/works/1177354055103560656
/works/1177354054885918190,/works/1177354054934199918,/works/1177354055063937559,/works/1177354055091646049,/works/1177354055105948755,/works/1177354055068238386,/works/1177354055105089888,/works/1177354055104618038,/works/1177354055104416376,/works/1177354055104024544,/works/1177354055099092577,/works/1177354055104024504,/works/1177354055104085473,/works/1177354055104056563,/works/1177354054908169189,/works/1177354055103778935,/works/1177354054894901052,/works/1177354055103252605,/works/1177354054942126847,/works/1177354055103168263
/works/1177354055102522536,/works/1177354055102855071,/works/1177354055096143815,/works/1177354055102499081,/works/1177354055102112376,/works/1177354055101736457,/works/1177354055101141762,/works/1177354055101617781,/works/1177354055093829764,/works/1177354055094281805,/works/1177354055097968103,/works/1177354055089134417,/works/1177354055097490490,/works/1177354055101098388,/works/1177354055101014118,/works/1177354055087114523,/works/1177354055100038596,/works/1177354055099980464,/works/1177354055064824162,/works/1177354054954167305
/works/1177354055091837412,/works/1177354055099893194,/works/1177354055099032352,/works/1177354054934915978,/works/1177354055075612818,/works/1177354055090806505,/works/1177354055098897215,/works/1177354055010087069,/works/1177354055098703260,/works/1177354055098118258,/works/1177354055092271117,/works/1177354055001556969,/works/1177354054973197714,/works/1177354055096664309,/works/1177354055097703344,/works/1177354055097582088,/works/1177354055097532201,/works/1177354055097587146,/works/1177354055096788224,/works/1177354055096291246
/works/1177354055097091408,/works/1177354055096369905,/works/1177354054958332019,/works/1177354055096771760,/works/1177354055095555920,/works/1177354055009322552,/works/1177354055094962349,/works/1177354055090918716,/works/1177354055064935694,/works/1177354055088125803,/works/1177354055092376410,/works/1177354055094487648,/works/1177354055092230776,/works/1177354055093388614,/works/1177354055093468463,/works/1177354055093432939,/works/1177354055079722182,/works/1177354055093099913,/works/1177354054954399964,/works/1177354054891660658
/works/1177354055088226366,/works/1177354055092295983,/works/1177354055090326745,/works/1177354055075099639,/works/1177354054994178047,/works/1177354055091808745,/works/1177354055091580760,/works/1177354055091293603,/works/1177354055090733974,/works/1177354054939597829,/works/1177354054893083563,/works/1177354055043955672,/works/1177354055089955739,/works/1177354055090156952,/works/1177354054897399185,/works/1177354055089937904,/works/1177354055090063201,/works/1177354055089751614,/works/1177354055089934394,/works/1177354055089274600
/works/1177354055089480029,/works/1177354055086259422,/works/1177354055089588911,/works/1177354055078005196,/works/1177354055089011741,/works/1177354055089433650,/works/1177354055089408308,/works/1177354055089322180,/works/1177354055089307684,/works/1177354055088840389,/works/1177354055088511774,/works/1177354054935171369,/works/1177354055088128208,/works/1177354055081828301,/works/1177354054984423720,/works/1177354054935145599,/works/1177354055088283614,/works/1177354055087250462,/works/1177354054954414745,/works/1177354055085633142
/works/1177354055088026837,/works/1177354054935689911,/works/1177354055087946362,/works/1177354055065100056,/works/1177354054954400876,/works/1177354055086829151,/works/1177354055087836526,/works/1177354055086543704,/works/1177354055075450719,/works/1177354054893424490,/works/1177354054922533649,/works/1177354055087110515,/works/1177354054937370257,/works/1177354055087447393,/works/1177354054934292099,/works/1177354054895818621,/works/1177354054934873326,/works/1177354054935353123,/works/1177354055071530436,/works/1177354054960672855
/works/1177354054949523847,/works/1177354055086813146,/works/1177354055054596159,/works/1177354054897419765,/works/1177354054922491666,/works/1177354055081418975,/works/1177354055040996969,/works/1177354055080751753,/works/1177354054935856374,/works/1177354055087058249,/works/1177354055087096098,/works/1177354055086922770,/works/1177354055086851121,/works/1177354054970594513,/works/1177354054992126871,/works/1177354055086510685,/works/1177354055085724900,/works/1177354054935244259,/works/1177354055008575184,/works/1177354055084914855
/works/1177354054954456920,/works/1177354055006857007,/works/1177354055006319022,/works/1177354055075598764,/works/1177354054893726074,/works/1177354054893998122,/works/1177354055027950393,/works/1177354054930730446,/works/1177354055086353292,/works/1177354055086214425,/works/1177354055086223921,/works/1177354054935819568,/works/1177354055086073075,/works/1177354054922411474,/works/1177354054905501029,/works/1177354055086075105,/works/1177354055085892074,/works/1177354055024301442,/works/1177354054947790329,/works/1177354055014434414
/works/1177354055085283353,/works/1177354054896288992,/works/1177354054934991390,/works/1177354055060445107,/works/1177354055027317076,/works/1177354055084368264,/works/1177354054964644461,/works/1177354054935538859,/works/1177354055077020846,/works/1177354055085410975,/works/1177354055085070234,/works/1177354055085520511,/works/1177354055072006895,/works/1177354054883592175,/works/1177354054935459757,/works/1177354054889977230,/works/1177354054921945496,/works/1177354054922799043,/works/1177354055004320173,/works/1177354055085060130
/works/1177354054926366104,/works/1177354054902822783,/works/1177354054986482973,/works/1177354054934969831,/works/1177354054936155873,/works/1177354054922505995,/works/1177354054882044536,/works/1177354055084359787,/works/1177354055084413279,/works/1177354055084379424,/works/1177354055084261680,/works/1177354055082763545,/works/1177354055083965513,/works/1177354055083786676,/works/1177354055083965139,/works/1177354055083814848,/works/1177354055083130151,/works/1177354054935307252,/works/1177354054894194255,/works/1177354055078284856
/works/1177354055047106956,/works/1177354054935221169,/works/1177354055071879427,/works/1177354054934596031,/works/1177354055074179911,/works/1177354054895711461,/works/1177354055079407754,/works/1177354054893993523,/works/1177354054893571448,/works/1177354054917936804,/works/1177354054945250656,/works/1177354055003507189,/works/1177354055012666400,/works/1177354054934381407,/works/1177354055081618679,/works/1177354055081654601,/works/1177354054934881571,/works/1177354055078365286,/works/1177354054918351531,/works/1177354055078419332
/works/1177354054909358051,/works/1177354055081419669,/works/1177354055081388404,/works/1177354055081212493,/works/1177354055014162942,/works/1177354055081019487,/works/1177354055080970895,/works/1177354055080970903,/works/1177354055071988208,/works/1177354054935285002,/works/1177354055080577929,/works/1177354055068816113,/works/1177354055071080738,/works/1177354055073564399,/works/1177354054933971900,/works/1177354055068110081,/works/1177354054894933932,/works/1177354054965605749,/works/1177354054935450669,/works/1177354055044024220
/works/1177354055070788354,/works/1177354055039846082,/works/1177354054935340932,/works/1177354054890664187,/works/1177354054935339456,/works/1177354055074924608,/works/1177354055079585553,/works/1177354054917553331,/works/1177354054918445774,/works/1177354055068857401,/works/1177354054934965857,/works/1177354055075522639,/works/1177354055050310955,/works/1177354055059692587,/works/1177354055044473610,/works/1177354055070799111,/works/1177354054926600417,/works/1177354055044154228,/works/1177354055048018895,/works/1177354055079692627
/works/1177354054935794045,/works/1177354054921496042,/works/1177354055030943482,/works/1177354055016002939,/works/1177354054953844317,/works/1177354055079073854,/works/1177354054922344013,/works/1177354054969919062,/works/1177354054918575656,/works/1177354054935896783,/works/1177354054954432607,/works/1177354055079469115,/works/1177354055077440468,/works/1177354054935892642,/works/1177354055070443123,/works/1177354054898464008,/works/1177354054889720288,/works/1177354055045919425,/works/1177354055017197732,/works/1177354054934994341
/works/1177354054935246102,/works/1177354054922108176,/works/1177354054928690094,/works/1177354055078770983,/works/1177354054950235332,/works/1177354054935351183,/works/1177354055078193579,/works/1177354055078305119,/works/1177354055078169449,/works/1177354055077880911,/works/1177354055047320083,/works/1177354054977512999,/works/1177354055071640384,/works/1177354055072419213,/works/1177354054917972393,/works/1177354054934979305,/works/1177354055077610600,/works/1177354054935496709,/works/1177354054957247288,/works/1177354055077529405
/works/1177354054934188842,/works/1177354055077303597,/works/1177354055077200758,/works/1177354055077335988,/works/1177354055046020770,/works/1177354055064359131,/works/1177354055074585307,/works/1177354054954433370,/works/1177354054888280425,/works/1177354055077193885,/works/1177354055070519537,/works/1177354055034576854,/works/1177354055044587832,/works/1177354055072092435,/works/1177354054997613544,/works/1177354054935628509,/works/1177354055077127844,/works/1177354054934894761,/works/1177354054921455261,/works/1177354054935520438
/works/1177354055021410185,/works/1177354054940782652,/works/1177354055069251185,/works/1177354055075892030,/works/1177354054922599892,/works/1177354054922403567,/works/1177354054922571385,/works/1177354054941127224,/works/1177354054893627053,/works/1177354054922277472,/works/1177354054922574181,/works/1177354054980412827,/works/1177354055014097422,/works/1177354055050104586,/works/1177354054935578176,/works/1177354055015660464,/works/1177354054939448633,/works/1177354055076978427,/works/1177354055077095875,/works/1177354055037776902
/works/1177354054934354763,/works/1177354054951619232,/works/1177354055073829008,/works/1177354055060759947,/works/1177354055028350321,/works/1177354055059529762,/works/1177354055074890878,/works/1177354054935226253
